Gene ID	Entrez Gene ID	Gene Symbol	Gene Name	Organism	Unigene ID	Ensembl ID	UniProt ID	Alias	Lifespan Effect	Phenotype Description	Longevity Influence	Max Lifespan Change	Avg Liffespan Change	Method	Bibliographic reference
831	42186	14-3-3epsilon	CG31196 gene product from transcript CG31196-RA	Drosophila melanogaster		FBgn0020238		14-3-3 14-3-3 epsilon 14-3-3-e 14-3-3-epsilon 14-3	increase	Loss of 14-3-3ε results in increased stress-induced apoptosis, growth repression and extended lifespan of flies, in a dFoxO dependent manner. Increased expression of 14-3-3ε also reverts FoxO-induced growth defects. No effect on lifespan was observed when overexpressing 14-3-3ε in adipose tissue, suggesting that endogenous FoxO activity in this tissue is low under normal conditions. 	anti		49	Mutations		2384: Nielsen et al. (2008) "14-3-3 Epsilon antagonizes FoxO to control growth, apoptosis and longevity in Drosophila."  Aging Cell 7(5):688-699 (18665908)
832	41957	Akt1	CG4006 gene product from transcript CG4006-RA	Drosophila melanogaster		FBgn0010379		akt Akt AKT Akt/PKB AKT/PKB akt1 AKT1 Akt1|PKB CG4	decrease	RNA interference of Akt in intestinal stem cells, results in impaired regeneration of theintestinal epithelium and are shorten lifespan.	pro		11	RNA interference		2385: Biteau et al. (2010) "Lifespan extension by preserving proliferative homeostasis in Drosophila."  PLoS Genet. 6(10):e1001159 (20976250)
833	31957	alpha-Man-I	Alpha Mannosidase I	Drosophila melanogaster		FBgn0259170		alpha-Man-l CG17809 CG18799 CG32682 CG32684 CG4227	increase	Mutant flies showed enhanced resistance to paraquat and starvation and a 60% increase in mean lifespan for both sexes. After outcrossing, the mutant showed, under normal conditions, an increase in mean lifespan of 22% for females and 38% for males . The increase in maximum lifespan was 15%. RNAi knock-downs resulted in a 39% increase in mean lifespan.	anti	15	39	RNA interference, Mutations		2386: Liu et al. (2009) "Reduced expression of alpha-1,2-mannosidase I extends lifespan in Drosophila melanogaster and Caenorhabditis elegans."  Aging Cell 8(4):370-379 (19302370)
834	38344	Atg2	Autophagy-specific gene 2	Drosophila melanogaster		FBgn0044452		atg2 ATG2 CG1241 Dmel\CG1241 EP3697	increase	Overexpression of Atg2 increased average female lifespan.	pro		28	Overexpression		2243: Simonsen et al. (2008) "Promoting basal levels of autophagy in the nervous system enhances longevity and oxidant resistance in adult Drosophila."  Autophagy 4(2):176-184 (18059160)
21	37141	Atg7	Autophagy-specific gene 7	Drosophila melanogaster	Dm.5217	FBgn0034366		atg-7 atg7 CG5489 Dmel\CG5489	decrease	Knockouts are short-lived and hypersensitive to nutrient and oxidative stress. There is a 30% reduction in maximal lifespan. 	pro	30		Knockout		2242: Juhász et al. (2007) "Atg7-dependent autophagy promotes neuronal health, stress tolerance, and longevity but is dispensable for metamorphosis in Drosophila."  Genes Dev. 21(23):3061-3066 (18056421)
21	37141	Atg7	Autophagy-specific gene 7	Drosophila melanogaster	Dm.5217	FBgn0034366		atg-7 atg7 CG5489 Dmel\CG5489	decrease	Mutants are hypersensitive to oxidative stress and short lived.	pro			Mutation		2383: Park et al. (2009) "Autophagic degradation of nuclear components in mammalian cells."  Autophagy 5(6):795-804 (19550147)
22	32001	Atg8a	Autophagy-related 8a	Drosophila melanogaster	Dm.20907	FBgn0052672		atg8 Atg8 Atg8/LC3 atg8a Atg8A ATG8a BcDNA:LD05816	increase	Mutations resulted in reduced lifespan and increased sensitivity to oxidative stress while enhanced expression in older fly brains extended average adult lifespan by 56% and promoted resistance to oxidative stress.	pro		56	Overexpression		2243: Simonsen et al. (2008) "Promoting basal levels of autophagy in the nervous system enhances longevity and oxidant resistance in adult Drosophila."  Autophagy 4(2):176-184 (18059160)
22	32001	Atg8a	Autophagy-related 8a	Drosophila melanogaster	Dm.20907	FBgn0052672		atg8 Atg8 Atg8/LC3 atg8a Atg8A ATG8a BcDNA:LD05816	increase	Increases the resistance to oxidative stress and extends the average lifespan up to 56%.	pro		50	Overexpression		2383: Park et al. (2009) "Autophagic degradation of nuclear components in mammalian cells."  Autophagy 5(6):795-804 (19550147)
22	32001	Atg8a	Autophagy-related 8a	Drosophila melanogaster	Dm.20907	FBgn0052672		atg8 Atg8 Atg8/LC3 atg8a Atg8A ATG8a BcDNA:LD05816	decrease	15% maximum lifespan reduction at 25°C, 20% maximum lifespan reduction at 29°C.	pro	20		Mutation		2472: Simonsen et al. (2007) "Linking lysosomal trafficking defects with changes in aging and stress response in Drosophila."  Autophagy 3(5):499-501 (17617737)
835	40044	Aut1	Aut1 -CG6877 gene product from transcript CG6877-RA	Drosophila melanogaster		FBgn0036813		atg3 Atg3 CG6877 Dmel\CG6877 Draut1	decrease	Depletion of Atg3 from the first day of imaginal stage shortens life span in Drosophila and causes morphological and behavioral features of premature aging.	pro		28	RNA interference		2387: Tóth et al. (2008) "Longevity pathways converge on autophagy genes to regulate life span in Caenorhabditis elegans."  Autophagy 4(3):330-338 (18219227)
836	43038	bam	bag of marbles	Drosophila melanogaster		FBgn0000158		alpha Bam BAM Bam-C BamC BamF CG10422 Dmel\CG10422	increase	Drosophila Bam overexpressing mutants have an extended lifespan due to germ cell loss. 	pro		50	Mutations		2388: Flatt et al. (2008) "Drosophila germ-line modulation of insulin signaling and lifespan."  Proc. Natl. Acad. Sci. U.S.A. 105(17):6368-6373 (18434551)
41	33819	bchs	blue cheese	Drosophila melanogaster	Dm.12933	FBgn0043362		alfy BcDNA:SD12984 bchd Bchs Beach1 CG14001 CG9011	decrease	Mean lifespan is decreased 40-45% in bchs mutant adults. No pronounced developmental defects were observed and young adults have normal behaviors, indicating that the bchs gene is essential for normal adult survival and longevity.	pro		45	Mutation		2248: Finley et al. (2003) "blue cheese mutations define a novel, conserved gene involved in progressive neural degeneration."  J. Neurosci. 23(4):1254-1264 (12598614)
41	33819	bchs	blue cheese	Drosophila melanogaster	Dm.12933	FBgn0043362		alfy BcDNA:SD12984 bchd Bchs Beach1 CG14001 CG9011	decrease	Mutants showed a 40% reduction in maximum lifespan.	pro	40		Mutation		2472: Simonsen et al. (2007) "Linking lysosomal trafficking defects with changes in aging and stress response in Drosophila."  Autophagy 3(5):499-501 (17617737)
41	33819	bchs	blue cheese	Drosophila melanogaster	Dm.12933	FBgn0043362		alfy BcDNA:SD12984 bchd Bchs Beach1 CG14001 CG9011	decrease	Mutants showed a 13% reduction in maximum lifespan.	pro	13		Mutations		2254: Simonsen et al. (2007) "Genetic modifiers of the Drosophila blue cheese gene link defects in lysosomal transport with decreased life span and altered ubiquitinated-protein profiles."  Genetics 176(2):1283-1297 (17435236)
46	39322	Bmcp	Bmcp	Drosophila melanogaster	Dm.4611	FBgn0036199		bmcp CG7314 DmBMCP Dmel\CG7314 dmUCP5 DmUCP5 ucp5 	increase	Knockout flies live longer on low-calorie diets, have a decreased fertility, and gain less weight on high-calorie diets.	anti			Knockout		2251: Sánchez-Blanco et al. (2006) "Involvement of Drosophila uncoupling protein 5 in metabolism and aging."  Genetics 172(3):1699-1710 (16387864)
837	44801	bsk	basket	Drosophila melanogaster		FBgn0000229		Bsk BSK BSK/DJNK c-Jun CG5680 D-JNK D-junk DBSK/JN	decrease	RNA interference of Bsk in intestinal stem cells, results in mutants with impaired intestinal homeostasis and tissue regeneration and are short-lived.	pro		16	RNA interference		2385: Biteau et al. (2010) "Lifespan extension by preserving proliferative homeostasis in Drosophila."  PLoS Genet. 6(10):e1001159 (20976250)
89	32947	car	carnation	Drosophila melanogaster	Dm.2099	FBgn0000257		Car carn CG12230 Dm-Vps33 Dmel\CG12230 l(1)G0447 V	increase	Loss-of-function mutation results in a 30% maximum lifespan reduction.	pro	30		Mutation		2254: Simonsen et al. (2007) "Genetic modifiers of the Drosophila blue cheese gene link defects in lysosomal transport with decreased life span and altered ubiquitinated-protein profiles."  Genetics 176(2):1283-1297 (17435236)
91	40048	Cat	Catalase	Drosophila melanogaster	Dm.6950	FBgn0000261		bs36h11.y1 cat CAT CatA CATA CG6871 CT21282 DMCATH	increase	Overexpression of catalase and Sod1 result in a one-third lifespan extension, a slower rate of mortality acceleration, and a delayed loss in physical performance.	pro		33	Overexpression		39: Orr and Sohal (1994) "Extension of life-span by overexpression of superoxide dismutase and catalase in Drosophila melanogaster."  Science 263(5150):1128-1130 (8108730)
1791	33081	Cbs	Cystathionine beta-synthase	Drosophila melanogaster				CBS CG1753 dCBS Dmel\CG1753	increase	Ubiquitous dCBS overexpression extends lifespan in fly females. Males exhibit significant, but inconsistent effects.	pro		41	Overexpression		2589: Kabil et al. (2011) "Increased transsulfuration mediates longevity and dietary restriction in Drosophila."  Proc. Natl. Acad. Sci. U.S.A. 108(40):16831-16836 (21930912)
101	117353	Cct1	CTP:phosphocholine cytidylyltransferase 1	Drosophila melanogaster	Dm.4419	FBgn0041342		Cct cct1 CCT1 CG1049 CT41283 Dmel\CG1049	increase	Overexpression results in a 6-8% increase in mean lifespan.	pro		8	Overexpression		2258: Landis et al. (2003) "A search for doxycycline-dependent mutations that increase Drosophila melanogaster life span identifies the VhaSFD, Sugar baby, filamin, fwd and Cctl genes."  Genome Biol. 4(2):R8 (12620118)
108	36727	Cdk5	Cyclin-dependent kinase 5	Drosophila melanogaster	Dm.640	FBgn0013762		cdk5 CDK5 CG8203 DmCdk5 Dmel\CG8203	decrease	Loss-of-function mutations result in defective axon guidance, age-dependent behavioral deficits and reduced lifespan by about one third.	pro		33	Mutation		2262: Connell-Crowley et al. (2007) "Drosophila lacking the Cdk5 activator, p35, display defective axon guidance, age-dependent behavioral deficits and reduced lifespan."  Mech. Dev. 124(5):341-349 (17368005)
117	38928	cert	ceramide transfer protein	Drosophila melanogaster	Dm.3152	FBgn0027569		BcDNA:GH07688 CERT CG7207 dcert Dcert Dmel\CG7207	decrease	Mutant flies exhibited a shortened lifespan accompanied by enhanced oxidative damage to cellular proteins and metabolic compromise, such as increasing glucose levels, reminiscent of premature ageing.	pro			Mutation		2264: Rao et al. (2007) "Ceramide transfer protein function is essential for normal oxidative stress response and lifespan."  Proc. Natl. Acad. Sci. U.S.A. 104(27):11364-11369 (17592126)
838	43369	CG17856	CG17856 gene product from transcript CG17856-RA	Drosophila melanogaster		FBgn0039576		Dmel\CG17856	increase	RNAi restulted in an increase in mean life span of 13-18% in female flies. In the case of males and post-developmental experiments the results are variable. 	anti		18	RNA interference 		2389: Copeland et al. (2009) "Extension of Drosophila life span by RNAi of the mitochondrial respiratory chain."  Curr. Biol. 19(19):1591-1598 (19747824)
839	59170	CG18809	CG18809 gene product from transcript CG18809-RA	Drosophila melanogaster		FBgn0042132		Dmel\CG18809	increase	RNAi restulted in a 7-19% increase in mean female lifespan, while neural RNAi resulted in an increased mean lifespan of up to 12% in females. Results for males are variable. 	anti		19	RNA interference 		2389: Copeland et al. (2009) "Extension of Drosophila life span by RNAi of the mitochondrial respiratory chain."  Curr. Biol. 19(19):1591-1598 (19747824)
857	37996	CG3776	Juvenile hormone esterase binding protein 29 (DmP29)	Drosophila melanogaster		FBgn0035088		Dmel\CG3776 DmP29 EP(2)0835 Jhebp29 P29	decrease	Both overexpression and underexpression of Jhebp29 caused reduction in mean lifespan. The reduction in male flies was slightly higher.	anti		42.6	Overexpression		2400: Liu et al. (2008) "Overexpression of Drosophila juvenile hormone esterase binding protein results in anti-JH effects and reduced pheromone abundance."  Gen. Comp. Endocrinol. 156(1):164-172 (18275960)
858	37996	CG3776	Juvenile hormone esterase binding protein 29 (DmP29)	Drosophila melanogaster		FBgn0035088		Dmel\CG3776 DmP29 EP(2)0835 Jhebp29 P29	decrease	Both overexpression and underexpression of Jhebp29 caused reduction in mean lifespan. The reduction in male flies was slightly higher.	pro		38.8	Mutations		2400: Liu et al. (2008) "Overexpression of Drosophila juvenile hormone esterase binding protein results in anti-JH effects and reduced pheromone abundance."  Gen. Comp. Endocrinol. 156(1):164-172 (18275960)
840	39761	CG5389	CG5389 gene product from transcript CG5389-RA	Drosophila melanogaster		FBgn0036568		Dmel\CG5389	increase	RNAi started from the development resulted in a mild increase in lifespan in both sexes (3-11% in females, and 3-8% in males). Post-developmental RNAi and experiments limited to neurons had variable effects with reductions in lifespan of up to 9%.	anti		11	RNA interference 		2389: Copeland et al. (2009) "Extension of Drosophila life span by RNAi of the mitochondrial respiratory chain."  Curr. Biol. 19(19):1591-1598 (19747824)
841	32565	CG9172	CG9172 gene product from transcript CG9172-RA	Drosophila melanogaster		FBgn0030718		20 kDa Dmel\CG9172	increase	RNAi increased mean lifespan in female flies up to 4-12% when done in both development and adulthood, and up to 46% when done in adult neurons only. The effect is variable in male flies.	anti		46	RNA interference 		2389: Copeland et al. (2009) "Extension of Drosophila life span by RNAi of the mitochondrial respiratory chain."  Curr. Biol. 19(19):1591-1598 (19747824)
123	42066	cher	cheerio	Drosophila melanogaster	Dm.6964	FBgn0014141		CG3937 Cher Dmel\CG3937 Fil FLN joy sko	increase	Overexpression results in a 7-9% increase in mean lifespan.	pro		9	Overexpression		2258: Landis et al. (2003) "A search for doxycycline-dependent mutations that increase Drosophila melanogaster life span identifies the VhaSFD, Sugar baby, filamin, fwd and Cctl genes."  Genome Biol. 4(2):R8 (12620118)
124	64880	chico	Insulin receptor substrate-1	Drosophila melanogaster	Dm.3017	FBgn0024248		anon-WO0078940.1 anon-WO0078940.4 BcDNA.GH11263 Bc	increase	Lifespan extension of 48% in homozygotes and 36% in heterozygotes.	anti		48	Knockout		188: Clancy et al. (2001) "Extension of life-span by loss of CHICO, a Drosophila insulin receptor substrate protein."  Science 292(5514):104-106 (11292874)
133	31647	cm	carmine	Drosophila melanogaster	Dm.230	FBgn0000330		ap-3 AP-3 AP3mu3 cg3035 CG3035 CG32731 Dmel\CG3035	decrease	Loss-of-function mutation reduces maximum lifespan by 40%.	pro	40		Mutation		2254: Simonsen et al. (2007) "Genetic modifiers of the Drosophila blue cheese gene link defects in lysosomal transport with decreased life span and altered ubiquitinated-protein profiles."  Genetics 176(2):1283-1297 (17435236)
178	36543	DJ-1alpha	DJ-1alpha	Drosophila melanogaster	Dm.30975	FBgn0033885		CG6646 DJ-1 DJ-1a DJ-1A Dmel\CG6646	decrease	RNA interference shortened maximum lifespan by 13% and resulted in increased sensitivity to oxidative stress and motor impairments.	pro	13		RNA interference		2281: Lavara-Culebras and Paricio (2007) "Drosophila DJ-1 mutants are sensitive to oxidative stress and show reduced lifespan and motor deficits."  Gene 400(1-2):158-165 (17651920)
179	43652	dj-1beta	dj-1beta	Drosophila melanogaster	Dm.3914	FBgn0039802		CG1349 DJ-1 DJ-1b DJ-1B DJ-1beta Dmel\CG1349	decrease	Loss of function mutation shortened maximum lifespan by 40% and resulted in increased sensitivity to oxidative stress and motor impairments.	pro	40		Mutation		2281: Lavara-Culebras and Paricio (2007) "Drosophila DJ-1 mutants are sensitive to oxidative stress and show reduced lifespan and motor deficits."  Gene 400(1-2):158-165 (17651920)
182	33906	DLP	Daxx-like protein	Drosophila melanogaster	Dm.4888	FBgn0031820		CG9537 Daxx Dmel\CG9537	decrease	DLP mutants have a 20% shorter mean lifespan and reduced female fertility.	pro		20	Mutation		2284: Bodai et al. (2007) "Daxx-like protein of Drosophila interacts with Dmp53 and affects longevity and Ark mRNA level."  J. Biol. Chem. 282(50):36386-36393 (17933869)
842	3772064	DNApol-gamma35	DNA polymerase Gamma	Drosophila melanogaster		FBgn0004407		BG:DS00941.9 br16 CG33084 CG33650 CG8969 D-pol gam	decrease	Overexpression of DNA polimeraze gamma in the nervous system resulted in a decrease in the median lifespan ranging from 39% to 52%	anti		52	Overexpression		2390: Martínez-Azorín et al. (2008) "Over-expression of the catalytic core of mitochondrial DNA (mtDNA) polymerase in the nervous system of Drosophila melanogaster reduces median life span by inducing mtDNA depletion."  J. Neurochem. 105(1):165-176 (17999718)
184	31309	dnc	dunce	Drosophila melanogaster	Dm.4817	FBgn0000479		CG10791 CG10792 CG10797 CG14267 CG14268 CG32498 Dm	increase	cAMP phosphodiesterase-deficient dunce mutants had an extended maximum lifespan by about 70%.	anti	70		Mutation		2285: Tong et al. (2007) "Life extension through neurofibromin mitochondrial regulation and antioxidant therapy for neurofibromatosis-1 in Drosophila melanogaster."  Nat. Genet. 39(4):476-485 (17369827)
195	31118	dor	deep orange	Drosophila melanogaster	Dm.3533	FBgn0000482		CG3093 Deep-orange Dmel\CG3093 Dor dor1 EG:171E4.1	decrease	Loss-of-function mutation reduces maximum lifespan by 70%.	pro	70		Mutation		2254: Simonsen et al. (2007) "Genetic modifiers of the Drosophila blue cheese gene link defects in lysosomal transport with decreased life span and altered ubiquitinated-protein profiles."  Genetics 176(2):1283-1297 (17435236)
843	42327	Dys	Dystrophin	Drosophila melanogaster		FBgn0260003		CG17750 CG31175 CG34157 CG7240 CG7243 CG7344 det D	decrease	The loss of dys function in the heart leads to an age-dependent disruption of the myofibrillar organization within the myocardium as well as to alterations in cardiac performance. dys RNAi-mediated knockdown in the mesoderm also shortens lifespan. A moderate maximal lifespan reduction in the mesodermal dys knockdown flies (13%) was observed, but not when exclusively targeted to the heart. In contrast, half of the transheterozygous DysExel6184/Dyskx43 deficiency flies died at 29 days compared to 63 days in controls.This suggests that a moderate dys loss-of-function in all muscles, but not in just the heart, reduces the fly’s normal lifespan.	pro	13		RNA interference and deletion		2391: Taghli-Lamallem et al. (2008) "Dystrophin deficiency in Drosophila reduces lifespan and causes a dilated cardiomyopathy phenotype."  Aging Cell 7(2):237-249 (18221418)
844	39203	E(z)	Enhancer of zeste	Drosophila melanogaster		FBgn0000629		CG6502 Dmel\CG6502 E(Z) E(z)1 Ez EZ E[z] l(3)1902 	increase	Flies heterozygous for the protein null E(z)63 or the catalytically inactive E(z)731 mutation that were progeny of an out-cross to an Oregon-R (O-R) wild-type strain exhibited a substantially greater median life span than the O-R control (71% and 76%, respectively). When derived from an out-cross to a longer-lived Canton-S (C-S) wild-type strain, the median life span of E(z)63 heterozygotes was 33% longer than the C-S control  	anti	54	76	Mutations		2392: Siebold et al. (2010) "Polycomb Repressive Complex 2 and Trithorax modulate Drosophila longevity and stress resistance."  Proc. Natl. Acad. Sci. U.S.A. 107(1):169-174 (20018689)
207	35540	EcR	Ecdysone receptor	Drosophila melanogaster	Dm.4159	FBgn0000546		anon-WO0229075.1 CG1765 CG8347 dECR DEcR Dhr23 dmE	increase	Ecdysone receptor mutant heterozygotes live 40%–50% longer than controls.	anti		50	Mutation		284: Tatar et al. (2003) "The endocrine regulation of aging by insulin-like signals."  Science 299(5611):1346-1351 (12610294)
845	31154	Edem1	CG3810 gene product from transcript CG3810-RC	Drosophila melanogaster		FBgn0023511		CG3810 DM-pI Dmel\CG3810 edem1 EDEM1 EG.86E4.2 EG:	increase	The mean lifespan of both male and female mutant flies was increased by more than 30%	anti		30	Mutations		2386: Liu et al. (2009) "Reduced expression of alpha-1,2-mannosidase I extends lifespan in Drosophila melanogaster and Caenorhabditis elegans."  Aging Cell 8(4):370-379 (19302370)
208	36271	Ef1alpha48D	Elongation factor 148D	Drosophila melanogaster	Dm.29457	FBgn0000556		1275 anon-EST:Liang-1.17 anon-EST:Liang-2.46 CG828	increase	Overexpression results in lifespan extension by 18%-41%.	pro		41	Overexpression		814: Shepherd et al. (1989) "Fruit flies with additional expression of the elongation factor EF-1 alpha live longer."  Proc. Natl. Acad. Sci. U.S.A. 86(19):7520-7521 (2508089)
215	36242	Egm	enigma	Drosophila melanogaster	Dm.11547	FBgn0086712		Acyl CoA DH CG9006 Dmel\CG9006 egm l(2)k14708	increase	Knockouts exhibit increased resistance to oxidative stress and extended lifespan.	anti			Knockout		2289: Mourikis et al. (2006) "Enigma, a mitochondrial protein affecting lifespan and oxidative stress response in Drosophila."  Proc. Natl. Acad. Sci. U.S.A. 103(5):1307-1312 (16434470)
445	39675	Eip71CD	Ecdysone-induced protein 28/29kD	Drosophila melanogaster	Dm.2545	FBgn0000565		CG7266 Dmel\CG7266 dmsrA DROZ60MEX Eip28 Eip28 /29	increase	Overexpression in the nervous system extended lifespan by up to 70%, increased resistance to oxidative stress, and delayed the onset of senescence-induced decline in activity levels and reproductive capacity.	pro		70	Overexpression		42: Ruan et al. (2002) "High-quality life extension by the enzyme peptide methionine sulfoxide reductase."  Proc. Natl. Acad. Sci. U.S.A. 99(5):2748-2753 (11867705)
445	39675	Eip71CD	Ecdysone-induced protein 28/29kD	Drosophila melanogaster	Dm.2545	FBgn0000565		CG7266 Dmel\CG7266 dmsrA DROZ60MEX Eip28 Eip28 /29	increase	Mean and maximal lifepsan was increased by up to 20% in flies with overexpressed Msra.	pro	20	20	Overexpression		2471: Chung et al. (2010) "The Drosophila homolog of methionine sulfoxide reductase A extends lifespan and increases nuclear localization of FOXO."  FEBS Lett. 584(16):3609-3614 (20655917)
846	31000	elav	embryonic lethal abnormal vision	Drosophila melanogaster		FBgn0260400		44C11 9F8A9 CG4262 Dmel\CG4262 EC7 EG:65F1.2 Elav 	decrease	Longevity was significantly decreased in elav mutants compared with the control.	pro		66	Mutation 		2393: Toba et al. (2010) "Life-span phenotypes of elav and Rbp9 in Drosophila suggest functional cooperation of the two ELAV-family protein genes."  Arch. Insect Biochem. Physiol. 74(4):261-265 (20589912)
847	34595	esc	extra sexcombs	Drosophila melanogaster		FBgn0000588		CG14941 dESC Dmel\CG14941 Esc ESC L41867 sc	increase	Males heterozygous for the null esc4 or the dominant negative esc9 mutation that were progeny of an out-cross to an O-R wild-type strain had median life spans that were, respectively, 47% and 60% longer than the O-R control. When derived from an out-cross to a longer-lived C-S wild-type strain, heterozygous esc9 flies had a median life span that was 43% longer than the C-S control .	anti	34	59	Mutations		2392: Siebold et al. (2010) "Polycomb Repressive Complex 2 and Trithorax modulate Drosophila longevity and stress resistance."  Proc. Natl. Acad. Sci. U.S.A. 107(1):169-174 (20018689)
848	31845	fh	frataxin homolog	Drosophila melanogaster		FBgn0030092		BcDNA:AT09528 CG8971 dfh Dfh DFH Dmel\CG8971 X25	increase	Overexpression of Drosophila frataxin in the mitochondria of female transgenic animals increases antioxidant capability, resistance to oxidative stress insults, and longevity. 	pro	28	35	Overexpression		2394: Runko et al. (2008) "Overexpression of frataxin in the mitochondria increases resistance to oxidative stress and extends lifespan in Drosophila."  FEBS Lett. 582(5):715-719 (18258192)
286	41709	foxo	Forkhead box, sub-group O	Drosophila melanogaster	Dm.3957	FBgn0038197		3143 Afx anon-WO0118547.374 cg3143 CG3143 dfoxo dF	increase	Overexpression extends lifespan.	pro			Overexpression		1091: Hwangbo et al. (2004) "Drosophila dFOXO controls lifespan and regulates insulin signalling in brain and fat body."  Nature 429(6991):562-566 (15175753)
286	41709	foxo	Forkhead box, sub-group O	Drosophila melanogaster	Dm.3957	FBgn0038197		3143 Afx anon-WO0118547.374 cg3143 CG3143 dfoxo dF	increase	dFOXO, a downstream effector of the insulin/insulin-like growth factor signaling, was overexpressed in the adult Drosophila fat body, which increased lifespan and reduced fecundity of females but had no effect on male lifespan.	pro			Overexpression		1238: Giannakou et al. (2004) "Long-lived Drosophila with overexpressed dFOXO in adult fat body."  Science 305(5682):361 (15192154)
286	41709	foxo	Forkhead box, sub-group O	Drosophila melanogaster	Dm.3957	FBgn0038197		3143 Afx anon-WO0118547.374 cg3143 CG3143 dfoxo dF	increase	Age-specific mortality analysis showed that overexpression of dFOXO in the fat-body of adult females increased median (by 21-33%) and maximum lifespan and lowered the age-specific mortality compared to control flies at all ages, in two independent experiments. Initiation of dFOXO overexpression at different ages increased subsequent lifespan compared to controls, with the magnitude of the increase decreasing as the flies were put on RU486 at older age. The effects of removal of dFOXO overexpression at different ages closely mirrored those of induction of expression , and produced shorter lifespan compared to +RU486 controls, with the shortest lifespans observed in flies taken off RU486 at the earlier ages.	pro		33	Overexpression		2473: Giannakou et al. (2007) "Dynamics of the action of dFOXO on adult mortality in Drosophila."  Aging Cell 6(4):429-438 (17465980)
289	45374	fwd	four wheel drive	Drosophila melanogaster	Dm.1632	FBgn0004373		anon-WO0118547.259 CG7004 Dmel\CG7004 PI4K	increase	Overexpression increased mean lifespan by 7-9%.	pro		9	Overexpression		2258: Landis et al. (2003) "A search for doxycycline-dependent mutations that increase Drosophila melanogaster life span identifies the VhaSFD, Sugar baby, filamin, fwd and Cctl genes."  Genome Biol. 4(2):R8 (12620118)
291	44819	g	garnet	Drosophila melanogaster	Dm.1817	FBgn0001087		AP-3delta AP3delta CG10986 cg11197 CG11197 delta D	decrease	Loss-of-function mutation reduces maximum lifespan by 7-30%.	pro	30		Mutation		2254: Simonsen et al. (2007) "Genetic modifiers of the Drosophila blue cheese gene link defects in lysosomal transport with decreased life span and altered ubiquitinated-protein profiles."  Genetics 176(2):1283-1297 (17435236)
849	35646	Gadd45	CG11086 gene product from transcript CG11086-RA	Drosophila melanogaster		FBgn0033153		BcDNA:RH70774 CG11086 D-GADD45 Dmel\CG11086 GADD45	increase	Overexpression of the D-GADD45 gene in the nervous system leads to a significantly increase of Drosophila lifespan without a decrease in fecundity and locomotor activity. The lifespan extension effect is more pronounced in malesthan in females. In addition an increase in maximum life span was detected.	pro	59	77	Overexpression		2395: Plyusnina et al. (2011) "Increase of Drosophila melanogaster lifespan due to D-GADD45 overexpression in the nervous system."  Biogerontology 12(3):211-226 (21153055)
293	53581	Gclc	Glutamate-cysteine ligase catalytic subunit	Drosophila melanogaster	Dm.1723	FBgn0040319		2259 CG2259 Dmel\CG2259 DmGCLC DmGCS DmGCSh GCL GC	increase	Overexpression extended mean and maximum lifespan by up to 50%.	pro	50	50	Overexpression		1551: Orr et al. (2005) "Overexpression of glutamate-cysteine ligase extends life span in Drosophila melanogaster."  J. Biol. Chem. 280(45):37331-37338 (16148000)
294	248194	Gclm	Glutamate-cysteine ligase modifier subunit	Drosophila melanogaster	Dm.36873	FBgn0046114		4919 box CG4919 Dmel\CG4919 DmGCLM DmGCSl GCLm Gcs	increase	Overexpression extended the mean lifespan by up to 24%.	pro		24	Overexpression		1551: Orr et al. (2005) "Overexpression of glutamate-cysteine ligase extends life span in Drosophila melanogaster."  J. Biol. Chem. 280(45):37331-37338 (16148000)
304	40201	gig	gigas	Drosophila melanogaster	Dm.2047	FBgn0005198		6975 C1 CG6975 Dmel\CG6975 dTsc2 dTSC2 gig|Tsc2 l(	increase	Overexpression of gig, also known as dTsc2, results in lifespan extension.	pro			Overexpression		1317: Kapahi et al. (2004) "Regulation of lifespan in Drosophila by modulation of genes in the TOR signaling pathway."  Curr. Biol. 14(10):885-890 (15186745)
305	36447	GLaz	Glial Lazarillo	Drosophila melanogaster	Dm.2811	FBgn0033799		CG4604 DGLaz Dmel\CG4604	increase	Overexpression resulted in increased resistance to hyperoxia and a 29% extension of mean lifespan under normoxia. Lifespan was also extended 30-60% under starvation.	pro		29	Overexpression		2300: Walker et al. (2006) "Overexpression of a Drosophila homolog of apolipoprotein D leads to increased stress resistance and extended lifespan."  Curr. Biol. 16(7):674-679 (16581512)
305	36447	GLaz	Glial Lazarillo	Drosophila melanogaster	Dm.2811	FBgn0033799		CG4604 DGLaz Dmel\CG4604	decrease	The absence of GLaz reduces the organism's resistance to oxidative stress and starvation and shortens male lifespan. Median survival time is reduced by 19.3%, maximum survival time is reduced by 10.9%.	pro	10.9	19.3	Deletion		2474: Sanchez et al. (2006) "Loss of glial lazarillo, a homolog of apolipoprotein D, reduces lifespan and stress resistance in Drosophila."  Curr. Biol. 16(7):680-686 (16581513)
850	38453	Gr63a	Gustatory receptor 63a	Drosophila melanogaster		FBgn0035468		CG14979 Dmel\CG14979 DmGr63a GR63a Gr63F1	increase	Gr63a loss of function in female flies leads to extended lifespan, increased fat deposition, and enhanced resistance to some (but not all) environmental stresses. Lifespan extension was not observed in males. Overexpression of Gr63a had a modest negative effect on lifespan	anti		30	Deletion		2396: Poon et al. (2010) "Carbon dioxide sensing modulates lifespan and physiology in Drosophila."  PLoS Biol. 8(4):e1000356 (20422037)
851	36927	GstS1	Glutathione S transferase S1	Drosophila melanogaster		FBgn0010226		CG8938 Dmel\CG8938 DmGst-2 DmGST-2 DmGST2 DmGSTS1 	increase	Increased average female lifespan (by 33%)   	pro		33	Overexpression		2243: Simonsen et al. (2008) "Promoting basal levels of autophagy in the nervous system enhances longevity and oxidant resistance in adult Drosophila."  Autophagy 4(2):176-184 (18059160)
852	36011	hebe	hebe gene product from transcript hebe-RD 	Drosophila melanogaster		FBgn0033448		CG1623 Dmel\CG1623	increase	Adult-specific overexpression of hebe increases lifespan by 5-30% and modulates late-age female fecundity.	pro		24	Overexpression		2397: Li and Tower (2009) "Adult-specific over-expression of the Drosophila genes magu and hebe increases life span and modulates late-age female fecundity."  Mol. Genet. Genomics 281(2):147-162 (19011900)
337	35169	hk	hook	Drosophila melanogaster	Dm.2576	FBgn0001202		CG10653 dHk Dmel\CG10653	decrease	Loss-of-function mutation reduces maximum lifespan by 30%.	pro	30		Mutation		2254: Simonsen et al. (2007) "Genetic modifiers of the Drosophila blue cheese gene link defects in lysosomal transport with decreased life span and altered ubiquitinated-protein profiles."  Genetics 176(2):1283-1297 (17435236)
1818	32080	hop	hopscotch	Drosophila melanogaster				4 CG1594 d-jak Dm JAK Dmel\CG1594 DmHD-160 HD-160 	decrease	Flies heterozygous for the gain-of-function hopTum-l mutation exhibited shortened lifespans compared with wild-type control flies.	pro	10	30	Mutation		3264: Larson et al. (2012) "Heterochromatin formation promotes longevity and represses ribosomal RNA synthesis."  PLoS Genet. 8(1):e1002473 (22291607)
1818	32080	hop	hopscotch	Drosophila melanogaster				4 CG1594 d-jak Dm JAK Dmel\CG1594 DmHD-160 HD-160 	increase	Flies heterozygous for a loss-of-function hop allele, hop3, had longer lifespans.	pro	20	17	Mutation		3264: Larson et al. (2012) "Heterochromatin formation promotes longevity and represses ribosomal RNA synthesis."  PLoS Genet. 8(1):e1002473 (22291607)
853	32133	Hsc70-3	Heat shock protein cognate 3	Drosophila melanogaster		FBgn0001218		anon-WO0138581.7 bip Bip BiP CG1579 CG4147 dhsc70 	increase	Increased average female lifespan (by 27%)   	pro		27	Overexpression		2243: Simonsen et al. (2008) "Promoting basal levels of autophagy in the nervous system enhances longevity and oxidant resistance in adult Drosophila."  Autophagy 4(2):176-184 (18059160)
854	3772576	Hsp22	Heat shock protein 22	Drosophila melanogaster		FBgn0001223		22 anon-WO0118547.50 anon-WO0140519.138 CG32041 CG	decrease	Reduced mean and maximal lifespan when overexpressed	anti			Overexpression		2398: Yang and Tower (2009) "Expression of hsp22 and hsp70 transgenes is partially predictive of drosophila survival under normal and stress conditions."  J. Gerontol. A Biol. Sci. Med. Sci. 64(8):828-838 (19420297)
854	3772576	Hsp22	Heat shock protein 22	Drosophila melanogaster		FBgn0001223		22 anon-WO0118547.50 anon-WO0140519.138 CG32041 CG	increase	TSA (Histone deacetylase (HDAC) inhibitor Trichostatin A (TSA)) could extend the lifespan of Drosophila melanogaster by promoting the hsp22 gene transcription, and affecting the chromatin morphology at the locus of hsp22 gene along the polytene chromosome.	pro			Epigenetic modification		2476: Tao et al. (2004) "Trichostatin A extends the lifespan of Drosophila melanogaster by elevating hsp22 expression."  Acta Biochim. Biophys. Sin. (Shanghai) 36(9):618-622 (15346199)
854	3772576	Hsp22	Heat shock protein 22	Drosophila melanogaster		FBgn0001223		22 anon-WO0118547.50 anon-WO0140519.138 CG32041 CG	increase	Overexpression increases mean lifespan by more than 30% and increases the premortality phase.	pro		30	Overexpression		2307: Morrow et al. (2004) "Overexpression of the small mitochondrial Hsp22 extends Drosophila life span and increases resistance to oxidative stress."  FASEB J. 18(3):598-599 (14734639)
854	3772576	Hsp22	Heat shock protein 22	Drosophila melanogaster		FBgn0001223		22 anon-WO0118547.50 anon-WO0140519.138 CG32041 CG	decrease	Mean lifespan was reduced up to 21% upon doxycycline-regulated overexpression  of Hsp22, particularly at higher culture temperatures.	anti		21	Overexpression		2475: Bhole et al. (2004) "Doxycycline-regulated over-expression of hsp22 has negative effects on stress resistance and life span in adult Drosophila melanogaster."  Mech. Ageing Dev. 125(9):651-663 (15491684)
349	39075	Hsp26	Heat shock protein 26	Drosophila melanogaster	Dm.907	FBgn0001225		26 26K CG4183 Dmel\CG4183 DmHsp26 hsp 26 hsp26 HSP	increase	Overexpression increased stress resistance and extended the mean lifespan by 30%.	pro		30	Overexpression		2308: Wang et al. (2004) "Multiple-stress analysis for isolation of Drosophila longevity genes."  Proc. Natl. Acad. Sci. U.S.A. 101(34):12610-12615 (15308776)
350	39078	Hsp27	Heat shock protein 27	Drosophila melanogaster	Dm.2803	FBgn0001226		27 27K 28 anon-WO0140519.69 CG4466 Dhsp27 Dmel\CG4	increase	Overexpression increased stress resistance and extended the mean lifespan by 30%.	pro		30	Overexpression		2308: Wang et al. (2004) "Multiple-stress analysis for isolation of Drosophila longevity genes."  Proc. Natl. Acad. Sci. U.S.A. 101(34):12610-12615 (15308776)
351	42852	Hsp68	Heat shock protein 68	Drosophila melanogaster	Dm.23337	FBgn0001230		68 CG5436 Dmel\CG5436 Hsp-68 hsp68 HSP68	increase	Overexpression extends lifespan.	pro			Overexpression		212: Wang et al. (2003) "JNK signaling confers tolerance to oxidative stress and extends lifespan in Drosophila."  Dev. Cell 5(5):811-816 (14602080)
351	42852	Hsp68	Heat shock protein 68	Drosophila melanogaster	Dm.23337	FBgn0001230		68 CG5436 Dmel\CG5436 Hsp-68 hsp68 HSP68	increase	Overexpression in somatic cells caused a 20% mean lifespan extension.	pro		20	Overexpression		2385: Biteau et al. (2010) "Lifespan extension by preserving proliferative homeostasis in Drosophila."  PLoS Genet. 6(10):e1001159 (20976250)
352		hsp70	Heat Shock Protein	Drosophila melanogaster					increase	Overexpression in transgenic flies extended lifespan. It is not clear which specific hsp70 gene the authors used in this experiment.	pro			Overexpression		210: Tatar et al. (1997) "Chaperoning extended life."  Nature 390(6655):30 (9363888)
1013	44921	Hsp70Ba	Heat shock 70kDa protein 1A	Drosophila melanogaster		FBgn0013277		CG31449 dhsp70 dHsp70 Dm-hsp70 Dmel\CG31449 Hsp 70	decrease	Reduced mean and maximal lifespan (up to 30%) when overexpressed.	anti	30	30	Overexpression		2398: Yang and Tower (2009) "Expression of hsp22 and hsp70 transgenes is partially predictive of drosophila survival under normal and stress conditions."  J. Gerontol. A Biol. Sci. Med. Sci. 64(8):828-838 (19420297)
1013	44921	Hsp70Ba	Heat shock 70kDa protein 1A	Drosophila melanogaster		FBgn0013277		CG31449 dhsp70 dHsp70 Dm-hsp70 Dmel\CG31449 Hsp 70	increase	hsp70 and hsp22 RNA levels were higher in long-lived than in short-lived fly lines. The HDAC inhibitor TSA (causing a higher expression of hsp22and hsp70) strikingly influenced the lifespan in both long and short-lived lines, with variable degrees (up to 25%).	pro	16	25	Epigenetic modification		1342: Zhao et al. (2005) "Lifespan extension and elevated hsp gene expression in Drosophila caused by histone deacetylase inhibitors."  J. Exp. Biol. 208(Pt 4):697-705 (15695762)
855	39150	Ilp2	Insulin-related peptide   	Drosophila melanogaster		FBgn0036046		CG8167 dilp Dilp DILP Dilp 2 dilp-2 dILP-2 Dilp-2 	increase	The ablated flies exhibited a significant increase in median and maximum lifespan over that of control flies and an increased resistance to oxidative stress and starvation.The mutants also exhibit increased storage of lipid and carbohydrate, reduced fecundity, and reduced tolerance of heat and cold.	anti	40	33.5	Deletion		1352: Broughton et al. (2005) "Longer lifespan, altered metabolism, and stress resistance in Drosophila from ablation of cells making insulin-like ligands."  Proc. Natl. Acad. Sci. U.S.A. 102(8):3105-3110 (15708981)
855	39150	Ilp2	Insulin-related peptide   	Drosophila melanogaster		FBgn0036046		CG8167 dilp Dilp DILP Dilp 2 dilp-2 dILP-2 Dilp-2 	increase	RNA interference resulted in a 24% to 47% increase in median lifespan compared to controls.	anti		47	RNA interference		2382: Broughton et al. (2008) "Reduction of DILP2 in Drosophila triages a metabolic phenotype from lifespan revealing redundancy and compensation among DILPs."  PLoS ONE 3(11):e3721 (19005568)
1756	31220	Ilp6	Insulin-like peptide 6	Drosophila melanogaster				CG14049 dilp Dilp DILP Dilp 6 dilp-6 dilp6 dILP6 D	increase	Conditional expression of dilp6 abdominal fat body extended lifespan in females maintained on a low-yeast diet but not on high-yeast diet. Conditional expression in head fat body modestly increased lifespan in females upon high-yeast diet but decreased it upon low-yeast diet. No detectable effect was seen for males on any diet. Conditional expression with ubiquitous drivers and ubiquitous RNAi resulted in shortened lifespan. Overexpression by a conditional pan-neuronal driver or fat body RNAi have no effect on lifespan.	pro		15.6	Overexpression		3236: Bai et al. (2012) "Drosophila insulin-like peptide-6 (dilp6) expression from fat body extends lifespan and represses secretion of Drosophila insulin-like peptide-2 from the brain."  Aging Cell 11(6):978-985 (22935001)
1830	38513	ImpL2	Ecdysone-inducible gene L2	Drosophila melanogaster				CG15009 CT34862 Dmel\CG15009 GH28 Imp-12 Imp-L2 IM	increase	The flies over-expressing Imp-L2 survived for significantly longer, with a 23% increase in median survival time, indicating that increasing Imp-L2 increases oxidative stress resistance. Most importantly, over-expression of Imp-L2 using the hsGAL4 driver significantly extended the lifespan of female flies at 25C, with median lifespan extended by 15%, while the maximum lifespan remained unchanged with this driver. To examine adult-onset over-expression, we used the inducible Actin GeneSwitch (ActGS) driver. ActGS drives ubiquitous transgene expression but only in the presence of the RU486 steroid drug. Addition of RU486 to food had no effect on lifespan of ActGS or UAS-Imp-L2 controls, while in ActGS > UAS-Imp-L2 adult female flies it almost doubled the period where no deaths were observed and resulted in a 20% increase in median lifespan, as well as a smaller increase in maximal lifespan. Driving UAS-Imp-L2 expression with the dilp2GAL4 driver, expressed only in the mNSCs starting from the third-instar larval stage, significantly extended lifespan of female flies, prolonging the median survival time by ~10%.	pro		23	Overexpression		3269: Alic et al. (2011) "Lifespan extension by increased expression of the Drosophila homologue of the IGFBP7 tumour suppressor."  Aging Cell 10(1):137-147 (21108726)
366	40049	Indy	I'm not dead yet protein	Drosophila melanogaster	Dm.2528	FBgn0036816		anon-EST:fe3A7 anon-WO0172774.70 BEST:LP01220 CG39	increase	Flies heterozygotic for a disruption have extended mean (87-92%) lifespan and maximum lifespan (45%). Homozygotes for the disruption show only a 10-20% increase in mean lifespan.	anti	45	92	Knockout		2173: Rogina et al. (2000) "Extended life-span conferred by cotransporter gene mutations in Drosophila."  Science 290(5499):2137-2140 (11118146)
366	40049	Indy	I'm not dead yet protein	Drosophila melanogaster	Dm.2528	FBgn0036816		anon-EST:fe3A7 anon-WO0172774.70 BEST:LP01220 CG39	increase	Reduction of Indy leads to a significant lifespan extension (26% male and 11% female).	anti		26	Mutations		2477: Wang et al. (2008) "The insulin-regulated CREB coactivator TORC promotes stress resistance in Drosophila."  Cell Metab. 7(5):434-444 (18460334)
368	42549	InR	Insulin-like 1 receptor	Drosophila melanogaster	Dm.1271	FBgn0013984		18402 CG18402 DIHR DILR dinr dInr dInR dINR DInr D	increase	Mutations result in dwarf females with extended lifespan of up to 85% and dwarf males with reduced late age-specific mortality.	anti		85	Mutation		187: Tatar et al. (2001) "A mutant Drosophila insulin receptor homolog that extends life-span and impairs neuroendocrine function."  Science 292(5514):107-110 (11292875)
856	53578	Jafrac1	Thioredoxin peroxidase 1	Drosophila melanogaster		FBgn0040309		1633 CG1633 cTPx Dmel\CG1633 DmTPx-1 dPrx I Dpx-47	increase	Neuronal overexpression of Jafrac1 significantly increased both mean and maximal lifespan, while neuronal knockdown of Jafrac1 , as well as the loss-of-function mutation, caused a reduction in lifespan of up to 30%.	pro	26	29	Overexpression		2399: Lee et al. (2009) "JNK/FOXO-mediated neuronal expression of fly homologue of peroxiredoxin II reduces oxidative stress and extends life span."  J. Biol. Chem. 284(43):29454-29461 (19720829)
856	53578	Jafrac1	Thioredoxin peroxidase 1	Drosophila melanogaster		FBgn0040309		1633 CG1633 cTPx Dmel\CG1633 DmTPx-1 dPrx I Dpx-47	increase	Overexpression caused a 15% mean lifespan extension.	pro		15	Overexpression		2385: Biteau et al. (2010) "Lifespan extension by preserving proliferative homeostasis in Drosophila."  PLoS Genet. 6(10):e1001159 (20976250)
859	42062	Keap1	CG3962 gene product from transcript CG3962-RA	Drosophila melanogaster		FBgn0038475		CG3962 dkeap1 dKeap1 dKEAP1 Dmel\CG3962 keap1 KEAP	increase	Male keap1 heterozygotes lived significantly longer than their otherwise genetically identical siblings. Female keap1 heterozygotes did not show significant differences in either paraquat resistance or longevity.	anti		10	Mutations		2401: Sykiotis and Bohmann (2008) "Keap1/Nrf2 signaling regulates oxidative stress tolerance and lifespan in Drosophila."  Dev. Cell 14(1):76-85 (18194654)
860	46027	kermit	CG11546	Drosophila melanogaster		FBgn0010504		BEST:LD04728 CG11546 dGIPC dKermit Dmel\CG11546 l(	decrease	Disruption of dGIPC (kermit) function results in premature loss of locomotor activity and reduced mean life span.	pro		30	Mutations		2402: Kim et al. (2010) "dGIPC is required for the locomotive activity and longevity in Drosophila."  Biochem. Biophys. Res. Commun. 402(3):565-570 (21029723)
861	42063	kuk	kugelkern	Drosophila melanogaster		FBgn0038476		CG5175 char Dmel\CG5175 Kuk kuk/char	decrease	Overexpression of kugelkern in the adult muscle resulted in a 60% reduction of mean life span.	anti			Overexpression		2403: Brandt et al. (2008) "The farnesylated nuclear proteins KUGELKERN and LAMIN B promote aging-like phenotypes in Drosophila flies."  Aging Cell 7(4):541-551 (18494863)
198	249462	l(3)DTS3	lethal (3) DTS3	Drosophila melanogaster				DTS-3 L(3)3[DTS] l(3)3[DTS]	increase	Female, but not male, heterozygous mutants display a 42% increase in mean lifespan.	anti		42	Mutation		2288: Simon et al. (2003) "Steroid control of longevity in Drosophila melanogaster."  Science 299(5611):1407-1410 (12610309)
862	46260	l(3)neo18	l(3)neo18	Drosophila melanogaster		FBgn0011455		CG9762 Dmel\CG9762	increase	In females, RNAi increased mean life span by 14-18% when done both during development and adulthood in the whole organism and by 8-24% when done in the neurons. In males, the effect is more variable. A consistent increase (8-18%) was however observed for whole organism RNAi, in adults.	anti		24	RNA interference 		2389: Copeland et al. (2009) "Extension of Drosophila life span by RNAi of the mitochondrial respiratory chain."  Curr. Biol. 19(19):1591-1598 (19747824)
863	37482	LBR	Lamin B receptor	Drosophila melanogaster		FBgn0034657		CG17952 dLBR Dmel\CG17952	decrease	Overexpression of lamin B receptor in the adult muscle and in the abdominal fat body, resulted in a 54% and respectively 46% reduction of mean life span.	anti			Overexpression		2403: Brandt et al. (2008) "The farnesylated nuclear proteins KUGELKERN and LAMIN B promote aging-like phenotypes in Drosophila flies."  Aging Cell 7(4):541-551 (18494863)
864	43130	Lnk	CG17367 gene product from transcript CG17367-RC	Drosophila melanogaster		FBgn0028717		CG 17367 CG17367 CG5908 Dmel\CG17367 dSH2B lnk	increase	Loss of Lnk function results in increased median and maximum lifespan, reduces female fecundity and improves survival under conditions of oxidative stress and starvation. Heterozygosity did not result in any significant differences in lifespan in either males or females. Additionally, lifespan extension observed in one of the female homozygous mutant was fully rescued by the introduction of a Lnk genomic rescue construct.	anti		17.5	Mutations		2404: Slack et al. (2010) "Regulation of lifespan, metabolism, and stress responses by the Drosophila SH2B protein, Lnk."  PLoS Genet. 6(3):e1000881 (20333234)
864	43130	Lnk	CG17367 gene product from transcript CG17367-RC	Drosophila melanogaster		FBgn0028717		CG 17367 CG17367 CG5908 Dmel\CG17367 dSH2B lnk	increase	Disruption of dSH2B (lnk) decreases insulin-like signaling and somatic growth in flies, and dSH2B deficiency increased hemolymph carbohydrate levels, whole-body lipid levels, lifespan (in both males and females), and resistance to starvation and oxidative stress. Systemic overexpression of dSH2B results in the opposite phenotypes.	anti	15	33	Mutation		3242: Song et al. (2010) "SH2B regulation of growth, metabolism, and longevity in both insects and mammals."  Cell Metab. 11(5):427-437 (20417156)
865	42672	loco	locomotion defects	Drosophila melanogaster		FBgn0020278		CG17229 CG5248 dLoco Dmel\CG5248 Loco	increase	Reduced expression of Loco, a RGS protein of Drosophila melanogaster, resulted in a longer lifespan for both hetero-deficient male and female flies, also exhibiting stronger resistance to three different stressors (starvation, oxidation, and heat) and higher manganese-containing superoxide dismutase (MnSOD) activity. In addition, this reduction in Loco expression increased fat content and diminished cAMP levels. Deletion analysis of the Loco demonstrated that its RGS domain is required for the regulation of longevity. 	anti		20	Knockout		2405: Lin et al. (2011) "Loco signaling pathway in longevity."  Small GTPases 2(3):158-161 (21776417)
866	42672	loco	locomotion defects	Drosophila melanogaster		FBgn0020278		CG17229 CG5248 dLoco Dmel\CG5248 Loco	decrease	Overexpression of both genomic and cDNA loco gene significantly shortened the lifespan and resulted in a reduced stress resistance and lower fat content. 	anti		20	Overexpression		2405: Lin et al. (2011) "Loco signaling pathway in longevity."  Small GTPases 2(3):158-161 (21776417)
419	3355130	lt	light	Drosophila melanogaster	Dm.1800	FBgn0002566		CG18028 Dm-lt(het) Dmel\CG18028 l(2)40Fb Lt	decrease	Loss-of-function mutation reduces maximum lifespan by 10%.	pro	10		Mutation		2254: Simonsen et al. (2007) "Genetic modifiers of the Drosophila blue cheese gene link defects in lysosomal transport with decreased life span and altered ubiquitinated-protein profiles."  Genetics 176(2):1283-1297 (17435236)
867	36048	magu	magu  gene product from transcript magu -RD	Drosophila melanogaster		FBgn0262169		CG2264 CT7504 Dmel\CG2264 pent PENT	increase	Adult-specific overexpression of magu increases lifespan by 5-30% and modulates late-age female fecundity.	pro		5.3	Overexpression		2397: Li and Tower (2009) "Adult-specific over-expression of the Drosophila genes magu and hebe increases life span and modulates late-age female fecundity."  Mol. Genet. Genomics 281(2):147-162 (19011900)
868	35523	mle	Maleless	Drosophila melanogaster		FBgn0002774		CG11680 Dmel\CG11680 mak MLE mll mls nap nap[ts]	decrease	Homozygous mutant flies (mle napts) display a shortened median lifespan and increased frailty in both males and females.	pro		47.5	Mutations		2406: Reenan and Rogina (2008) "Acquired temperature-sensitive paralysis as a biomarker of declining neuronal function in aging Drosophila."  Aging Cell 7(2):179-186 (18208580)
869	40849	Mlp84B	Muscle LIM protein at 84B	Drosophila melanogaster		FBgn0014863		CG1019 DLim-3 Dmel\CG1019 DmLIM-3 dMlp84B Mlmu84B 	decrease	Male flies expressing mlp84B RNAi in the heart display bradycardia and heart rhythm abnormalities and have a shortened mean lifespan compared with controls. No lifespan reduction was observed in females.	pro		35	RNA interference, Knockdown		2407: Mery et al. (2008) "The Drosophila muscle LIM protein, Mlp84B, is essential for cardiac function."  J. Exp. Biol. 211(Pt 1):15-23 (18083727)
439	31331	Mnt	CG13316-PC, isoform C	Drosophila melanogaster	Dm.7389	FBgn0023215		bHLHe43 CG13316 CG2856 dMad Dmel\CG13316 DmMnt dmn	decrease	A dMnt null allele results in flies with larger cells, increased weight, and decreased lifespan.	pro			Knockout		2322: Loo et al. (2005) "The transcriptional repressor dMnt is a regulator of growth in Drosophila melanogaster."  Mol. Cell. Biol. 25(16):7078-7091 (16055719)
1832	42866	Mpk2	CG5475-PA	Drosophila melanogaster				CG5475 D-MPK2 D-p38 D-p38 MAPK D-p38a D-P38a Dmel\	decrease	p38K-DKO adult flies appeared normal on eclosion but had a severely reduced lifespan. ingle mutants of p38Ka (p38Kadel) or p38Kb (p38Kd45) also had significantly reduced lifespan, with the loss of p38Kb resulting in a stronger phenotype.	pro		40	Mutation		3270: Vrailas-Mortimer et al. (2011) "A muscle-specific p38 MAPK/Mef2/MnSOD pathway regulates stress, motor function, and life span in Drosophila."  Dev. Cell 21(4):783-795 (22014527)
186	34632	Mt2	DNA methyltransferase 2	Drosophila melanogaster	Dm.4825	FBgn0028707		CG10692 dDNMT dDnmt2 dDNMT2 Dmel\CG10692 DmMT2 Dnm	increase	Overexpression extended lifespan.	pro			Overexpression		2287: Lin et al. (2005) "DNA methyltransferase gene dDnmt2 and longevity of Drosophila."  J. Biol. Chem. 280(2):861-864 (15533947)
870	39089	MTF-1	Metal response element-binding Transcription Factor-1	Drosophila melanogaster		FBgn0040305		anon-WO0118547.411 CG3743 Dmel\CG3743 dMTF-1 mtf-1	increase	Both mean and maximal lifespan of male flies was extended upon MTF-1 overexpression in either the peripheral nervous system or motorneurons	pro	40	40	Overexpression		2408: Bahadorani et al. (2010) "Overexpression of metal-responsive transcription factor (MTF-1) in Drosophila melanogaster ameliorates life-span reductions associated with oxidative stress and metal toxicity."  Neurobiol. Aging 31(7):1215-1226 (18775584)
447	38058	mth	methuselah	Drosophila melanogaster	Dm.4379	FBgn0023000		CG6936 Dmel\CG6936 Mth MTH	increase	Mutants displayed approximately 35 percent increase in average lifespan and enhanced resistance to various forms of stress.	anti		35	Mutation		2326: Lin et al. (1998) "Extended life-span and stress resistance in the Drosophila mutant methuselah."  Science 282(5390):943-946 (9794765)
451	44885	mys	myospheroid	Drosophila melanogaster	Dm.1814	FBgn0004657		beta-int beta-Int beta-integrin beta-PS beta1 beta	increase	Mutants exhibit ameliorated age-related declines in locomotor activity and an increase in mean lifespan of 20%.	anti		20	Mutation		2327: Goddeeris et al. (2003) "Delayed behavioural aging and altered mortality in Drosophila beta integrin mutants."  Aging Cell 2(5):257-264 (14570233)
871	42348	Naam	Naam gene product from transcript Naam-RA	Drosophila melanogaster		FBgn0051216		AAM52663 anon-WO0172774.59 anon-WO0172774.60 CG312	increase	An increase in mean and maximal lifespan was observed for both male and female flies. The lifespan extension was reversed in Sir2 mutants, suggesting that the extension is Sir2 dependent.	pro	30	30	Overexpression		2409: Balan et al. (2008) "Life span extension and neuronal cell protection by Drosophila nicotinamidase."  J. Biol. Chem. 283(41):27810-27819 (18678867)
459	43149	Nf1	Neurofibromin 1	Drosophila melanogaster	Dm.4313	FBgn0015269		CG8318 Dmel\CG8318 dNF1 Nf-1 NF-1 nf1 NF1	increase	NF1 mutants had a shortened lifespan and exhibited increased vulnerability to heat and oxidative stress as well as reduced mitochondrial respiration and elevated ROS production. Overexpression of NF1 increased mitochondrial respiration and reduced ROS production. It increased mean lifespan by 49% in males and 68% in females and maximum lifespan by 38% in males and 52% in females. It also improved reproductive fitness.	pro	52	68	Overexpression		2285: Tong et al. (2007) "Life extension through neurofibromin mitochondrial regulation and antioxidant therapy for neurofibromatosis-1 in Drosophila melanogaster."  Nat. Genet. 39(4):476-485 (17369827)
872	33324	NLaz	Neural Lazarillo	Drosophila melanogaster		FBgn0053126		BcDNA:RE67583 CG16933 CG33126 CT33980 Dmel\CG33126	decrease	Absence of Nlaz, an homologue of ApoD, leads to reduced lifespan in both sexes compared to wild type flies.	pro	30	30.8	Mutations		2410: Ruiz et al. (2011) "Sex-dependent modulation of longevity by two Drosophila homologues of human Apolipoprotein D, GLaz and NLaz."  Exp. Gerontol. 46(7):579-589 (21376794)
483	40650	Orco	Odorant receptor co-receptor	Drosophila melanogaster	Dm.25037	FBgn0037324		83A.2 83b A45 CG10609 Dmel\CG10609 DOR45 DOR83b OR	increase	Loss-of-function mutation resulted in olfactory defects, altered adult metabolism, enhanced stress resistance, and life-extension. Female Or83b2 mutant flies showed a 56% increase in median lifespan and a 30% increase in maximum lifespan. Males were also long-lived, though to a smaller degree and maximum lifespan was not extended. Heterozygous mutants of both sexes showed an intermediate longevity. Dietary restriction further extended lifespan.	anti	30	56	Mutation		2337: Libert et al. (2007) "Regulation of Drosophila life span by olfaction and food-derived odors."  Science 315(5815):1133-1137 (17272684)
488	31429	ovo	CG6824-PA	Drosophila melanogaster	Dm.1677	FBgn0003028		CG15467 CG6824 Dmel\CG6824 Fs(1)K1103 fs(1)K1237 F	increase	The dominant ovoD1 allele extends female lifespan by approximately 50%. It does not synergize or prevent life-extension caused by chico.	anti		50	Mutation		2338: Sgrò and Partridge (1999) "A delayed wave of death from reproduction in Drosophila."  Science 286(5449):2521-2524 (10617470)
1831	34780	p38b	CG7393-PA	Drosophila melanogaster				186F5S anon-sts23 BG:DS00797.3 CG7393 D-p38 D-p38 	decrease	p38K-DKO adult flies appeared normal on eclosion but had a severely reduced lifespan. ingle mutants of p38Ka (p38Kadel) or p38Kb (p38Kd45) also had significantly reduced lifespan, with the loss of p38Kb resulting in a stronger phenotype.	pro		60	Mutation		3270: Vrailas-Mortimer et al. (2011) "A muscle-specific p38 MAPK/Mef2/MnSOD pathway regulates stress, motor function, and life span in Drosophila."  Dev. Cell 21(4):783-795 (22014527)
489	2768677	p53	CG33336-PA	Drosophila melanogaster	Dm.3257	FBgn0039044		CG10873 CG31325 CG33336 D-p53 Dm-P53 Dmel\CG33336 	increase	Expression of dominant-negative versions of p53 in adult neurons extended lifespan by 58% in females and 32% in males and increased resistance to genotoxic stress.	anti		58	Dominant negative mutation		1567: Bauer et al. (2005) "Neuronal expression of p53 dominant-negative proteins in adult Drosophila melanogaster extends life span."  Curr. Biol. 15(22):2063-2068 (16303568)
489	2768677	p53	CG33336-PA	Drosophila melanogaster	Dm.3257	FBgn0039044		CG10873 CG31325 CG33336 D-p53 Dm-P53 Dmel\CG33336 	increase	Expression of dominant-negative (DN) forms of Dmp53 in adult neurons, but not in muscle or fat body cells, extends median lifespan by 19% and maximum lifespan by 8%. The lifespan of calorie-restricted flies is not further extended by simultaneously expressing DN-Dmp53 in the nervous system, indicating that a decrease in Dmp53 activity may be a part of the CR lifespan-extending pathway in flies. Selective expression of DN-Dmp53 in only the 14 insulin-producing cells (IPCs) in the brain extends lifespan to the same extent as expression in all neurons and this lifespan extension is not additive with CR. 	anti	8	19	Mutation		2478: Bauer et al. (2007) "Expression of dominant-negative Dmp53 in the adult fly brain inhibits insulin signaling."  Proc. Natl. Acad. Sci. U.S.A. 104(33):13355-13360 (17686972)
1843	40336	park	parkin	Drosophila melanogaster				CG10523 Dmel\CG10523 Dpark dpk SD01679	increase	Ubiquitous or neuron-specific up-regulation of Parkin, in adult Drosophila melanogaster, increases both mean and maximum lifespan without reducing reproductive output, physical activity, or food intake. Long-lived Parkin-overexpressing flies display an increase in K48-linked polyubiquitin and reduced levels of protein aggregation during aging.	pro	28	28	Overexpression		3275: Rana et al. (2013) "Parkin overexpression during aging reduces proteotoxicity, alters mitochondrial dynamics, and extends lifespan."  Proc. Natl. Acad. Sci. U.S.A. 110(21):8638-8643 (23650379)
498	40668	Pcmt	Protein-L-isoaspartate (D-aspartate) O-methyltransferase	Drosophila melanogaster	Dm.4629	FBgn0086768		CG2152 Dmel\CG2152 dPIMT pcmt Pimt PIMT	increase	Overexpression extended lifespan by 32-39% at 29 degrees but not at 25 degrees.	pro		39	Overexpression		211: Chavous et al. (2001) "Extension of the Drosophila lifespan by overexpression of a protein repair methyltransferase."  Proc. Natl. Acad. Sci. U.S.A. 98(26):14814-14818 (11742076)
498	40668	Pcmt	Protein-L-isoaspartate (D-aspartate) O-methyltransferase	Drosophila melanogaster	Dm.4629	FBgn0086768		CG2152 Dmel\CG2152 dPIMT pcmt Pimt PIMT	increase	Adult lifespan of flies with overexpressed pcmt was extended.	pro			Overexpression		2448: Banfield et al. (2008) "Protein-repair and hormone-signaling pathways specify dauer and adult longevity and dauer development in Caenorhabditis elegans."  J. Gerontol. A Biol. Sci. Med. Sci. 63(8):798-808 (18772467)
873	40293	Pex16	peroxin 16	Drosophila melanogaster		FBgn0037019		CG3947 DmelPex16 Dmel\CG3947 pex16	decrease	Mutant flies lack normal peroxisomes, have an reduced adult body size (70%-85% smaller than controls) and rozy eyes, show locomotion defects and defects in the development of the nervous system. The mean longevity of the females was reduced to one-third (data not shown) and that of the males to one-fourth of the wild-type lifespan. The shortened lifespan was rescued by the simultaneous overexpression of pex16 in the fat body and differentiated neurons.	pro		75	Mutations		2411: Nakayama et al. (2011) "Drosophila carrying pex3 or pex16 mutations are models of Zellweger syndrome that reflect its symptoms associated with the absence of peroxisomes."  PLoS ONE 6(8):e22984 (21826223)
874	42446	Pi3K92E	CG4141 gene product from transcript CG4141-RA	Drosophila melanogaster		FBgn0015279		anon-92Ed CG4141 Dmel\CG4141 Dmp110 dp110 dP110 Dp	decrease	Overexpression of a dominant-negative PI3Kinase (DP110) resulted in mutants that have impaired regeneration of the intestinal epithelium and are short lived.	pro		5	Knock-down		2385: Biteau et al. (2010) "Lifespan extension by preserving proliferative homeostasis in Drosophila."  PLoS Genet. 6(10):e1001159 (20976250)
507	34284	Pka-C1	cAMP-dependent protein kinase 1	Drosophila melanogaster	Dm.2136	FBgn0000273		6353 BG02142 C CdkA CG4379 Cos Cos-1 cos1 Cos1 Dc0	increase	PKA-overexpressing flies (hsPKA*/+) have an about 30% extended maximum lifespan.	pro	30		Overexpression		2285: Tong et al. (2007) "Life extension through neurofibromin mitochondrial regulation and antioxidant therapy for neurofibromatosis-1 in Drosophila melanogaster."  Nat. Genet. 39(4):476-485 (17369827)
514	36990	POSH	Plenty of SH3s	Drosophila melanogaster	Dm.3323	FBgn0040294		155116_at BEST:GM09451 CG4909 Dmel\CG4909 dPOSH DP	increase	Neural-specific overexpression of DPOSH extends the mean lifespan of adult flies by 14%.	pro		14	Overexpression		2343: Seong et al. (2001) "Neural-specific overexpression of drosophila plenty of SH3s (DPOSH) extends the longevity of adult flies."  Biogerontology 2(4):271-281 (11868902)
875	3771951	Prx5	Peroxiredoxin 5	Drosophila melanogaster		FBgn0038570		CG 32920 CG 7217 CG32920 CG7217 Dmel\CG7217 dprx5 	increase	Overexpression caused an increase in mean and median lifespan under normal conditions. A small increase in maximum lifespan was also observed. In contrast, the dprx5 (-/-) null flies were comparatively more susceptible to oxidative stress, had higher incidence of apoptosis, and a shortened mean life span. For the dprx5 (-/-) null flies there were no significant differences in maximum age (10% survival).	pro		30	Overexpression		2412: Radyuk et al. (2009) "Peroxiredoxin 5 confers protection against oxidative stress and apoptosis and also promotes longevity in Drosophila."  Biochem. J. 419(2):437-445 (19128239)
876	43991	Pten	CG5671 gene product from transcript CG5671-RB	Drosophila melanogaster		FBgn0026379		CG5671 Dmel\CG5671 dpten dPten dPTEN DPTEN pten PT	increase	Lifespan of flies with increased Pten and 4E-BP activity in muscles is extended in comparison with matched controls.	pro	7.7	12.7	Overexpression		2413: Demontis and Perrimon (2010) "FOXO/4E-BP signaling in Drosophila muscles regulates organism-wide proteostasis during aging."  Cell 143(5):813-825 (21111239)
522	40958	puc	puckered	Drosophila melanogaster	Dm.2978	FBgn0243512		0238/03 1351/08 CG7850 Dmel\CG7850 hrt JNK-DSP l(3	increase	Heterozygous loss-of-function mutations extend lifespan and increase resistance to oxidative stress.	anti			Mutation		212: Wang et al. (2003) "JNK signaling confers tolerance to oxidative stress and extends lifespan in Drosophila."  Dev. Cell 5(5):811-816 (14602080)
541	31381	rb	ruby	Drosophila melanogaster	Dm.1682	FBgn0003210		AP-3beta beta3 cg11427 CG11427 Dmel\CG11427 Rb	decrease	Loss-of-function mutation reduces maximum lifespan by 23%.	pro	23		Mutation		2254: Simonsen et al. (2007) "Genetic modifiers of the Drosophila blue cheese gene link defects in lysosomal transport with decreased life span and altered ubiquitinated-protein profiles."  Genetics 176(2):1283-1297 (17435236)
877	33498	Rbp9	RNA-binding protein 9	Drosophila melanogaster		FBgn0010263		CG15402 CG3151 Dmel\CG3151 fes fs(2)B rbp Rbp10 rb	decrease	Longevity was significantly decreased in Rbp9 mutants compared with the control.	pro		33	Mutation 		2393: Toba et al. (2010) "Life-span phenotypes of elav and Rbp9 in Drosophila suggest functional cooperation of the two ELAV-family protein genes."  Arch. Insect Biochem. Physiol. 74(4):261-265 (20589912)
543	2769007	Rdh	CG14975-PA	Drosophila melanogaster		FBgn0064227		CG14975 Dmel\CG14975	increase	Overexpression results in a 6-8% increase in mean lifespan.	pro		8	Overexpression		2258: Landis et al. (2003) "A search for doxycycline-dependent mutations that increase Drosophila melanogaster life span identifies the VhaSFD, Sugar baby, filamin, fwd and Cctl genes."  Genome Biol. 4(2):R8 (12620118)
547	36281	rho-7	rhomboid-7	Drosophila melanogaster	Dm.2694	FBgn0033672		anon-WO0138581.3 CG8972 Dmel\CG8972 PARL Rhomboid-	decrease	Knockout flies have severe neurological defects and a much reduced lifespan.	pro			Knockout		2345: McQuibban et al. (2006) "Normal mitochondrial dynamics requires rhomboid-7 and affects Drosophila lifespan and neuronal function."  Curr. Biol. 16(10):982-989 (16713954)
556	38565	Rpd3	CG7471-PA	Drosophila melanogaster	Dm.2976	FBgn0015805		CG7471 dHDAC-1 dHDAC1 DHDAC1 Dmel\CG7471 dmHDA401 	increase	Mutations extend lifespan by 33% in males and 52% in females.	anti		52	Mutation		202: Rogina et al. (2002) "Longevity regulation by Drosophila Rpd3 deacetylase and caloric restriction."  Science 298(5599):1745 (12459580)
1847	246599	Rpi	Ribose-5-phosphate isomerase	Drosophila melanogaster				CG30410 CG9872 Dmel\CG30410 rpi	increase	Drosophila strain with reduced expression of ribose-5-phosphate isomerase (rpi), EP2456, exhibits increased resistance to oxidative stress and enhanced lifespan. In addition, the strain also displays higher levels of NADPH. The knockdown of rpi in neurons by double-stranded RNA interference recapitulated the lifespan extension and oxidative stress resistance in Drosophila. Whole organism silencing resulted in an increased lifespan by 8-14%, while neuronal silencing led to a 25-38% increase in mean lifespan.	anti		38	RNA interference		3279: Wang et al. (2012) "Reduced neuronal expression of ribose-5-phosphate isomerase enhances tolerance to oxidative stress, extends lifespan, and attenuates polyglutamine toxicity in Drosophila."  Aging Cell 11(1):93-9103 (22040003)
581	32406	rut	rutabaga	Drosophila melanogaster	Dm.2613	FBgn0003301		AC Ac12F CG9533 Dmel\CG9533 EP1603 Rut RUT Rut-AC	decrease	Two rutabaga mutants, rut1 and rut2080, had significantly shortened lifespans.	pro			Mutations		2285: Tong et al. (2007) "Life extension through neurofibromin mitochondrial regulation and antioxidant therapy for neurofibromatosis-1 in Drosophila melanogaster."  Nat. Genet. 39(4):476-485 (17369827)
582	41605	ry	rosy	Drosophila melanogaster	Dm.2436	FBgn0003308		CG7642 Dmel\CG7642 xdh Xdh XDH Xdh/ry XOR	decrease	Loss-of-function mutation reduces maximum lifespan by 35%.	pro	35		Mutation		2254: Simonsen et al. (2007) "Genetic modifiers of the Drosophila blue cheese gene link defects in lysosomal transport with decreased life span and altered ubiquitinated-protein profiles."  Genetics 176(2):1283-1297 (17435236)
583	38654	S6k	RPS6-p70-protein kinase	Drosophila melanogaster	Dm.856	FBgn0015806		10539 7084 CG10539 Dmel\CG10539 dp70s6k Dp70s6k Dp	increase	Expression of a dominant-negative form extended lifespan.	anti			Dominant negative mutation		1317: Kapahi et al. (2004) "Regulation of lifespan in Drosophila by modulation of genes in the TOR signaling pathway."  Curr. Biol. 14(10):885-890 (15186745)
589	31129	Scgdelta	Sarcoglycan delta	Drosophila melanogaster	Dm.18	FBgn0025391		BEST:GH21860 CG14808 CT34621 Dmel\CG14808 DmSCG-ga	decrease	Deletion has detrimental effects on the flight muscles of adult animals and heart function. Median lifespan was reduced 15-30%.	pro		30	Deletion		2351: Allikian et al. (2007) "Reduced life span with heart and muscle dysfunction in Drosophila sarcoglycan mutants."  Hum. Mol. Genet. 16(23):2933-2943 (17855453)
593	35590	SdhB	Succinate dehydrogenase B	Drosophila melanogaster	Dm.497	FBgn0014028		CG3283 Dmel\CG3283 Ip SDH SDH-Ip SDH-IP sdhB SDHb	decrease	Mutant males are hypersensitive to oxygen and displays signs of premature ageing, including a 66% decrease in mean lifespan and a 17% decrease in maximum lifespan.	pro	17	66	Mutation		2354: Walker et al. (2006) "Hypersensitivity to oxygen and shortened lifespan in a Drosophila mitochondrial complex II mutant."  Proc. Natl. Acad. Sci. U.S.A. 103(44):16382-16387 (17056719)
594	41340	SdhC	succinate dehydrogenase, cytochrome b556 subunit	Drosophila melanogaster	Dm.20575	FBgn0037873		BcDNA:RH04289 CG6666 Dmel\CG6666 sdhC	decrease	Mutants expressing a dominant negative form of sdhC in the nervous system had a 22% reduced mean lifespan and signs of oxidative stress induction.	pro		22	Dominant negative mutation		1943: Tsuda et al. (2007) "A mev-1-like dominant-negative SdhC increases oxidative stress and reduces lifespan in Drosophila."  Biochem. Biophys. Res. Commun. 363(2):342-346 (17854771)
605	34708	Sir2	CG5216-PA	Drosophila melanogaster	Dm.415	FBgn0024291		BEST:LD38188 CG5216 D.mel1 Dmel\CG5216 dmSRT406 ds	increase	Overexpression of dSir2 extends lifespan by up to 57%, whereas a decrease in dSir2 blocks the life-extending effect of caloric reduction or rpd3 mutations.	pro		57	Overexpression		1284: Rogina and Helfand (2004) "Sir2 mediates longevity in the fly through a pathway related to calorie restriction."  Proc. Natl. Acad. Sci. U.S.A. 101(45):15998-16003 (15520384)
605	34708	Sir2	CG5216-PA	Drosophila melanogaster	Dm.415	FBgn0024291		BEST:LD38188 CG5216 D.mel1 Dmel\CG5216 dmSRT406 ds	decrease	Decreased expression of the Sir2 and Sir2-like genes in all cells caused lethality during development. Suppression of the Sir2 in neurons (10-30% median lifespan reduction) and ubiquitous silencing of the Sir2-like genes shortened lifespans. The effects were severer at 28°C than at 25°C. These results suggest that Sir2-like genes as well as Sir2 are involved in the regulation of lifespan in Drosophila.	pro		30	RNA interference		2359: Kusama et al. (2006) "Involvement of Drosophila Sir2-like genes in the regulation of life span."  Genes Genet. Syst. 81(5):341-348 (17159295)
605	34708	Sir2	CG5216-PA	Drosophila melanogaster	Dm.415	FBgn0024291		BEST:LD38188 CG5216 D.mel1 Dmel\CG5216 dmSRT406 ds	increase	Moderate (3-fold) Sir2 overexpression in the fat body during adulthood only can promote longevity in both sexes by roughly 13%.	pro		13	Overexpression		3284: Hoffmann et al. (2013) "Overexpression of Sir2 in the adult fat body is sufficient to extend lifespan of male and female Drosophila."  Aging (Albany NY) 5(4):315-327 (23765091)
605	34708	Sir2	CG5216-PA	Drosophila melanogaster	Dm.415	FBgn0024291		BEST:LD38188 CG5216 D.mel1 Dmel\CG5216 dmSRT406 ds	noeffect	Overexpression of dSir2 did not result in increased lifespan when using the appropriate transgenic controls.	none					3321: Burnett et al. (2011) "Absence of effects of Sir2 overexpression on lifespan in C. elegans and Drosophila."  Nature 477(7365):482-485 (21938067)
609	42414	Sirt2	CG5085-PA	Drosophila melanogaster	Dm.6044	FBgn0038788		CG5085 D.mel2 Dmel\CG5085 dSIRT2 SIRT2	decrease	Decreased expression by RNA interference caused lethality during development. Silencing in neurons shortened mean lifespan by 20%.	pro		20	RNA interference		2359: Kusama et al. (2006) "Involvement of Drosophila Sir2-like genes in the regulation of life span."  Genes Genet. Syst. 81(5):341-348 (17159295)
611	41254	Sirt6	CG6284-PB	Drosophila melanogaster	Dm.24872	FBgn0037802		CG6284 D.mel4 Dmel\CG6284 dmSRT408 dSIRT6	decrease	Decreased expression by RNA interference caused lethality during development. Silencing in neurons shortened mean lifespan by 20%.	pro		20	RNA interference		2359: Kusama et al. (2006) "Involvement of Drosophila Sir2-like genes in the regulation of life span."  Genes Genet. Syst. 81(5):341-348 (17159295)
1846	43904	SNF1A	SNF1A/AMP-activated protein kinase	Drosophila melanogaster				ampk AMPK ampkalpha AMPKalpha CG3051 dAMPKa dAMPKa		Transgenic expression of AMPK in adult fat body or adult muscle, key metabolic tissues, extended life span, while AMPK RNAi reduced life span. Supplementing adenine, a substrate for AMP biosynthesis, to the diet of long-lived AMP biosynthesis mutants reversed life span extension.	pro			Overexpression		3278: Stenesen et al. (2013) "Adenosine nucleotide biosynthesis and AMPK regulate adult life span and mediate the longevity benefit of caloric restriction in flies."  Cell Metab. 17(1):101-112 (23312286)
1846	43904	SNF1A	SNF1A/AMP-activated protein kinase	Drosophila melanogaster				ampk AMPK ampkalpha AMPKalpha CG3051 dAMPKa dAMPKa		Transgenic expression of AMPK in adult fat body or adult muscle, key metabolic tissues, extended life span, while AMPK RNAi reduced life span. Supplementing adenine, a substrate for AMP biosynthesis, to the diet of long-lived AMP biosynthesis mutants reversed life span extension.	pro			RNA interference		3278: Stenesen et al. (2013) "Adenosine nucleotide biosynthesis and AMPK regulate adult life span and mediate the longevity benefit of caloric restriction in flies."  Cell Metab. 17(1):101-112 (23312286)
878	42515	SNF4Agamma	SNF4/AMP-activated protein kinase gamma subunit	Drosophila melanogaster		FBgn0264357		0050/42 0127/19 AMPgamma AMPKgamma anon-WO0118547.	decrease	Depletion of SNF4A gamma from the first day of imaginal stage shortens life span in Drosophila and causes morphological and behavioral features of premature aging.	pro		23	RNA interference		2387: Tóth et al. (2008) "Longevity pathways converge on autophagy genes to regulate life span in Caenorhabditis elegans."  Autophagy 4(3):330-338 (18219227)
879	31704	snz	snazarus (sorting nexin lazarus)	Drosophila melanogaster		FBgn0029976		CG1514 Dmel\CG1514 Snz	increase	Up to 50% increase in maximal lifespan in both sexes compared to control	anti	66	85	Mutations		2414: Suh et al. (2008) "An RGS-containing sorting nexin controls Drosophila lifespan."  PLoS ONE 3(5):e2152 (18478054)
622	39251	Sod	Superoxide dismutase	Drosophila melanogaster	Dm.926	FBgn0003462		CG11793 cSod cSOD Cu Cu-Zn SOD Cu/Zn sod Cu/Zn SOD	increase	Overexpression of catalase and Sod1 resulted in a one-third lifespan extension, a slower rate of mortality acceleration, and a delayed loss in physical performance.	pro		33	Overexpression		39: Orr and Sohal (1994) "Extension of life-span by overexpression of superoxide dismutase and catalase in Drosophila melanogaster."  Science 263(5150):1128-1130 (8108730)
622	39251	Sod	Superoxide dismutase	Drosophila melanogaster	Dm.926	FBgn0003462		CG11793 cSod cSOD Cu Cu-Zn SOD Cu/Zn sod Cu/Zn SOD	decrease	Mutant flies displayed infertility and a reduction in lifespan.	pro			Mutation 		2480: Phillips et al. (1989) "Null mutation of copper/zinc superoxide dismutase in Drosophila confers hypersensitivity to paraquat and reduced longevity."  Proc. Natl. Acad. Sci. U.S.A. 86(8):2761-2765 (2539600)
622	39251	Sod	Superoxide dismutase	Drosophila melanogaster	Dm.926	FBgn0003462		CG11793 cSod cSOD Cu Cu-Zn SOD Cu/Zn sod Cu/Zn SOD	increase	Cu/ZnSOD overexpression extended the mean lifespan by up to 48%. Simultaneous overexpression of catalase with Cu/ZnSOD had no added benefit, presumably due to a preexisting excess of catalase.	pro		48	Overexpression		1539: Sun and Tower (1999) "FLP recombinase-mediated induction of Cu/Zn-superoxide dismutase transgene expression can extend the life span of adult Drosophila melanogaster flies."  Mol. Cell. Biol. 19(1):216-228 (9858546)
624	36878	Sod2	Superoxide dismutase 2 (Mn)	Drosophila melanogaster	Dm.4800	FBgn0010213		CG8905 Dmel\CG8905 dSOD2 Mito SOD mitSOD2 Mn SOD M	decrease	RNA interference results in increased oxidative stress and early-onset mortality in young adults.	pro			RNA interference		656: Kirby et al. (2002) "RNA interference-mediated silencing of Sod2 in Drosophila leads to early adult-onset mortality and elevated endogenous oxidative stress."  Proc. Natl. Acad. Sci. U.S.A. 99(25):16162-16167 (12456885)
624	36878	Sod2	Superoxide dismutase 2 (Mn)	Drosophila melanogaster	Dm.4800	FBgn0010213		CG8905 Dmel\CG8905 dSOD2 Mito SOD mitSOD2 Mn SOD M	increase	Gene overexpression resulted in a 20% increase in mean and maximal  lifespan.	pro	20	20	Overexpression		2481: Curtis et al. (2007) "Transcriptional profiling of MnSOD-mediated lifespan extension in Drosophila reveals a species-general network of aging and metabolic genes."  Genome Biol. 8(12):R262 (18067683)
1740	40562	Spargel	Spargel	Drosophila melanogaster		FBgn0037248		CG 9809 cg9809 CG9809 Dmel\CG9809 dPGC dPGC-1 PGC-	increase	Tissue-specific overexpression of dPGC-1 in stem and progenitor cells within the digestive tract of female flies extends lifespan. Flies display a delay in the onset of aging-related changes in the intestine, leading to improved tissue homeostasis in old flies.	pro	37	33	Overexpression in stem and progenitor cells		2545: Rera et al. (2011) "Modulation of longevity and tissue homeostasis by the Drosophila PGC-1 homolog."  Cell Metab. 14(5):623-634 (22055505)
1817	42428	Stat92E	Signal-transducer and activator of transcription protein at 92E	Drosophila melanogaster				CG4257 d-STAT D-stat D-Stat D-STAT D-stat/stat92E 	decrease	Flies heterozygous for the Stat92E mutation exhibited shortened lifespans compared with wild-type control flies.	pro	30	33	Mutation		3264: Larson et al. (2012) "Heterochromatin formation promotes longevity and represses ribosomal RNA synthesis."  PLoS Genet. 8(1):e1002473 (22291607)
1816	34119	Su(var)205	Suppressor of variegation 205	Drosophila melanogaster				CBX5 CG8409 dHP-1a dHP1 Dmel\CG8409 DmHP-1 DmHP1 E	decrease	Reducing HP1 levels by half, as in Su(var)2055 heterozygotes, caused a dramatic shortening of life span compared to isogenic controls (p = 2.03-86). Similar results were found with a second allele, Su(var)2052.	pro	55	60	Mutation		3264: Larson et al. (2012) "Heterochromatin formation promotes longevity and represses ribosomal RNA synthesis."  PLoS Genet. 8(1):e1002473 (22291607)
1816	34119	Su(var)205	Suppressor of variegation 205	Drosophila melanogaster				CBX5 CG8409 dHP-1a dHP1 Dmel\CG8409 DmHP-1 DmHP1 E	increase	A moderate overexpression of HP1, caused by basal activity of the hsp70 promoter, significantly extended life span, resulting in a 23% increase in median life span and a 12% increase in maximum life span (p = 6.31-24).	pro	12	23	Overexpression		3264: Larson et al. (2012) "Heterochromatin formation promotes longevity and represses ribosomal RNA synthesis."  PLoS Genet. 8(1):e1002473 (22291607)
634	36424	sug	sugarbabe	Drosophila melanogaster	Dm.591	FBgn0033782		CG3850 Dmel\CG3850	increase	Overexpression results in a 5-9% increase in mean lifespan.	pro		9	Overexpression		2258: Landis et al. (2003) "A search for doxycycline-dependent mutations that increase Drosophila melanogaster life span identifies the VhaSFD, Sugar baby, filamin, fwd and Cctl genes."  Genome Biol. 4(2):R8 (12620118)
635	44046	sun	Stunted	Drosophila melanogaster	Dm.20296	FBgn0014391		ATP5E BcDNA:RE19513 BcDNA:RH48911 CG9032 Dmel\CG90	increase	Mutations increase lifespan and resistance to oxidative stress.	anti			Mutations		2366: Cvejic et al. (2004) "The endogenous ligand Stunted of the GPCR Methuselah extends lifespan in Drosophila."  Nat. Cell Biol. 6(6):540-546 (15133470)
636	44498	Surf1	surfeit gene 1	Drosophila melanogaster	Dm.1439	FBgn0029117		BcDNA:GH23574 CG9943 Dmel\CG9943	increase	Knockdown resulted in larval lethality. However, knockdown in the CNS not only bypassed the larval lethality but it resulted in an increase in maximum lifespan of about 20-30%.	anti	30		Knockout		2367: Zordan et al. (2006) "Post-transcriptional silencing and functional characterization of the Drosophila melanogaster homolog of human Surf1."  Genetics 172(1):229-241 (16172499)
880	33569	Thor	CG8846 gene product from transcript CG8846-RA	Drosophila melanogaster		FBgn0261560		153432_at 43-BP 4e-bp 4E-BP 4E-BP1 4ebp 4eBP 4EBP 	increase	Lifespan of flies with increased Pten and 4E-BP activity in muscles is extended in comparison with matched controls.	pro	15.8	20	Overexpression		2413: Demontis and Perrimon (2010) "FOXO/4E-BP signaling in Drosophila muscles regulates organism-wide proteostasis during aging."  Cell 143(5):813-825 (21111239)
880	33569	Thor	CG8846 gene product from transcript CG8846-RA	Drosophila melanogaster		FBgn0261560		153432_at 43-BP 4e-bp 4E-BP 4E-BP1 4ebp 4eBP 4EBP 	increase	Null mutant flies show a diminished change in lifespan in response to dietary restriction, which can be rescued upon ubiquitously expression of wild-type Thor (d4E-BP). Overexpression of wild type 4E-BP caused no change in lifespan of males or females on rich food, while overexpression of a weak activated allele extended mean lifespan of females 14% (no significant extension in male flies). Induction of a strong allele extended male lifespan 11% and female lifespan 22% on rich food. Under dietary restriction, there was no additional lifespan extension. 	pro		22	Overexpression		2547: Zid et al. (2009) "4E-BP extends lifespan upon dietary restriction by enhancing mitochondrial activity in Drosophila."  Cell 139(1):149-160 (19804760)
881	43036	to	takeout	Drosophila melanogaster		FBgn0039298		CG11853 CT33074 Dmel\CG11853	increase	Overexpression of takeout in adult neurons, pericerbral fat body or abdominal fat body extends male and female life span. Expression of takeout in the adult nervous system leads to aproximately 25% increase in mean longevity. Flies expressing takeout in the head fat body have 20% extension of mean lifespan, while takeout expression in the abdominal fat body extends fly life span by 12-18%.	pro	23	26	Overexpression		2415: Bauer et al. (2010) "Comparative transcriptional profiling identifies takeout as a gene that regulates life span."  Aging (Albany NY) 2(5):298-310 (20519778)
678	47396	Tor	Target of rapamycin	Drosophila melanogaster	Dm.1502	FBgn0021796		5092 CG5092 CT16317 CT24745 CT24817 Dmel\CG5092 Dm	increase	Expression of a dominant-negative form extended lifespan.	anti			Dominant negative mutation		1317: Kapahi et al. (2004) "Regulation of lifespan in Drosophila by modulation of genes in the TOR signaling pathway."  Curr. Biol. 14(10):885-890 (15186745)
685	34281	Trx-2	thioredoxin-2	Drosophila melanogaster	Dm.2664	FBgn0040070		31884 anon-WO0118547.188 CG31884 CG3864 DmelTrx-2 	decrease	Mutants have a 25% reduction in maximum lifespan and exhibited lower tolerance to oxidative stress while animals carrying multiple copies of Trx-2 exhibited higher tolerance.	pro	25		Mutation		2372: Svensson and Larsson (2007) "Thioredoxin-2 affects lifespan and oxidative stress in Drosophila."  Hereditas 144(1):25-32 (17567437)
327	31760	Trxr-1	Thioredoxin reductase-1	Drosophila melanogaster				2151 anon-WO03040301.185 anon-WO03040301.187 CG215	increase	Overexpression of glutathione reductase (GSR) in transgenic flies resulted in increased lifespan and oxidative stress resistance, but only under hyperoxia. Glutathione reductase is now recognized to be performed by thioredoxin reductase-1 (Trxr-1) since Drosophila do not have a GSR gene.	pro			Overexpression		208: Mockett et al. (1999) "Overexpression of glutathione reductase extends survival in transgenic Drosophila melanogaster under hyperoxia but not normoxia."  FASEB J. 13(13):1733-1742 (10506576)
686	31443	TrxT	Thioredoxin T	Drosophila melanogaster	Dm.8001	FBgn0029752		3315 CG3315 DmelTrxT Dmel\CG3315 DmTrxT	increase	Overexpression in neurons increased the level of locomotor activity in aged flies and extended the mean lifespan by 15%.	pro		15	Overexpression		1931: Umeda-Kameyama et al. (2007) "Thioredoxin suppresses Parkin-associated endothelin receptor-like receptor-induced neurotoxicity and extends longevity in Drosophila."  J. Biol. Chem. 282(15):11180-11187 (17301052)
687	42862	Tsc1	CG6147-PA Tuberous sclerosis complex genes 1	Drosophila melanogaster	Dm.3097	FBgn0026317		CG6147 Dmel\CG6147 dTSC dTSC-1 dTsc1 dTSC1 rocky T	increase	Overexpression leads to lifespan extension.	pro			Overexpression		1317: Kapahi et al. (2004) "Regulation of lifespan in Drosophila by modulation of genes in the TOR signaling pathway."  Curr. Biol. 14(10):885-890 (15186745)
695	7351	UCP2	uncoupling protein 2 (mitochondrial, proton carrier)	Drosophila melanogaster				UCPH BMIQ4 SLC25A8	increase	Overexpression of human UCP2 in the fly nervous system extended lifespan by 10-30%. Ubiquitous overexpression was lethal.	pro		30	Overexpression		1496: Fridell et al. (2005) "Targeted expression of the human uncoupling protein 2 (hUCP2) to adult neurons extends life span in the fly."  Cell Metab. 1(2):145-152 (16054055)
716	34997	VhaSFD	Vacuolar H+-ATPase SFD subunit	Drosophila melanogaster	Dm.7517	FBgn0027779		144191_at ATP6V1H CG17332 Dmel\CG17332 V-ATPase vh	increase	Overexpression results in a 5-10% increase in mean lifespan.	pro		10	Overexpression		2258: Landis et al. (2003) "A search for doxycycline-dependent mutations that increase Drosophila melanogaster life span identifies the VhaSFD, Sugar baby, filamin, fwd and Cctl genes."  Genome Biol. 4(2):R8 (12620118)
882	43508	yata	CG1973 gene product from transcript CG1973-RA	Drosophila melanogaster		FBgn0260990		CG1973 Dmel\CG1973 Yata	decrease	68% maximal lifespan shortening, progressive deterioration of the nervous tissues and aberrant accumulation of Sec23p.	pro			Mutations		2416: Sone et al. (2009) "Loss of yata, a novel gene regulating the subcellular localization of APPL, induces deterioration of neural tissues and lifespan shortening."  PLoS ONE 4(2):e4466 (19209226)
883	32974	Zw	Zwischenferment	Drosophila melanogaster		FBgn0004057		CG12529 Dmel\CG12529 G-6-PD G-6-pdh G-6pd G-6PD G6	increase	The mean lifespans of G6PD overexpressor flies were extended, in comparison with driver and responder controls, as follows: armadillo-GAL4 (up to 38%), Tubulin-GAL4 (up to 29%), C23-GAL4 (up to 27%), da-GAL4 (up to 24%), D42-GAL4 (up to 18%), and Appl-GAL4 (up to 16%). Maximum lifespan was also increased. The G6PD enzymatic activity was increased, as were the levels of NADPH, NADH, and the GSH/GSSG ratio.	pro		38	Overexpression		2417: Legan et al. (2008) "Overexpression of glucose-6-phosphate dehydrogenase extends the life span of Drosophila melanogaster."  J. Biol. Chem. 283(47):32492-32499 (18809674)
